"feature","AL_young_1","AL_young_2","AL_young_3","AL_young_4","ALDR_young_1","ALDR_young_2","ALDR_young_3","ALDR_young_4"
"FaCN_12:0;0",0.163819567,0.165378561,0.214989408,0.20525133,0.266973135,0.347796797,0.391573589,0.213782405
"FaCN_14:0;0",0.875784228,1.332792357,1.264205802,1.672201889,1.808248414,3.008862358,2.335150486,1.227613152
"FaCN_14:1;0",0.436965417,0.900518116,0.60006518,0.582977937,0.469245352,0.522371922,0.510302018,0.287762485
"FaCN_16:0;0",2.89384093,2.867732347,4.078695502,3.832359989,5.817212025,10.16290865,12.29280982,5.03772106
"FaCN_16:1;0",1.037057885,1.240205379,1.359475258,1.397090336,1.422567207,1.978160389,2.185409188,0.981080126
"FaCN_18:0;0",0.277625891,0.194661766,0.268312173,0.388036107,1.198751744,2.940110901,4.088974604,1.413265191
"FaCN_18:1;0",3.592804262,3.871890663,4.473432181,4.836439551,9.243682048,13.55936792,14.31787397,6.751265267
"FaCN_18:2;0",0.811028301,1.040425554,1.090706769,1.048573465,2.210784878,2.72460642,3.479580538,1.048076372
"FaCN_20:0;0",NA,NA,NA,0.005442626,0.011884962,0.08828591,0.136580704,0.006233983
"FaCN_20:1;0",0.060821447,0.015952286,0.045354156,0.081159949,0.267476067,0.590087489,1.0390347,0.155461787
"FaCN_20:2;0",0.010531155,0.004074729,0.015532042,0.019089191,0.132915548,0.143977007,0.572709303,0.055761443
"FaCN_20:3;0",0.00451993,0.003678121,0.00517696,0.019877254,0.009047581,0.050751234,0.102525833,0.004138561
"FaCN_20:4;0",0.081241098,0.050612981,0.096236909,0.080239072,0.177809874,0.21314734,0.380006451,0.107399766
"FaCoA_16:1;0",87.85862941,146.4858746,161.903719,298.2762593,764.7743138,1041.981678,1082.652129,604.4288609
"FaCoA_17:1;0",71.979885,132.0448915,138.9180188,178.6512482,326.3511618,354.1707152,399.8622284,381.8942571
"FaCoA_18:1;0",63.95580548,99.34954635,113.8913334,184.212862,398.7666287,577.0865333,573.3533533,350.6269945
"FaCoA_18:2;0",5.336280926,4.999208099,15.30038586,10.67763625,46.1773974,78.20890385,78.70706924,53.59655486
"FaCoA_18:3;0",16.47815351,15.56688594,15.50721287,30.78885106,110.2952306,182.2339843,215.4742427,107.3910425
"FA_14:0;0",560.5156742,531.3539938,622.763918,635.9269707,810.0401193,822.8213341,839.6838927,726.8768032
"FA_16:0;0",25006.43082,25477.97743,28758.27176,29175.45585,33295.70829,32934.66572,33290.68717,33422.60286
"FA_16:1;0",452.2768405,373.7274066,423.7161912,1031.758208,1375.381833,1280.476177,1068.423734,1164.002628
"FA_18:0;0",19293.2279,21057.75802,21237.46489,17970.36756,18696.59695,19763.06225,20423.42259,19996.61941
"FA_18:1;0",5565.716053,5066.296737,6504.56928,13868.89191,18577.83211,16437.12777,15345.54348,15902.77862
"FA_18:2;0",1644.801118,1750.123421,1725.132308,3451.1267,6987.744704,5684.594696,5026.646367,4662.755569
"FA_18:3;0",120.133927,131.27004,117.7347696,225.6023044,394.3942297,359.5650486,298.9164991,290.6049486
"FA_20:0;0",563.4767855,597.0903371,713.883088,685.972736,803.1862672,807.6268053,716.0738019,793.9713077
"FA_20:1;0",233.892096,193.5316935,324.9761947,747.5195335,823.2278999,754.8676626,593.9047153,639.9439661
"FA_20:2;0",97.29305925,82.98772196,123.6339968,256.2301798,326.9697581,249.5388982,187.7208416,232.4926932
"FA_20:3;0",150.6793728,157.7955088,191.1737287,418.76103,383.6456533,256.4483635,180.959728,252.3453024
"FA_20:4;0",274.8615007,245.455798,294.5473131,588.0131241,704.3762005,507.6019996,359.8912401,456.3167252
"FA_20:5;0",17.19877043,14.38591312,16.2756235,37.31748688,33.62557688,26.69697693,17.2387859,30.03287186
"FA_22:0;0",71.17905627,73.79198549,90.47589256,90.21212496,111.5917762,110.1498391,104.9715183,106.9591523
"FA_22:1;0",22.94013799,20.82189205,29.48018154,44.25773103,63.43531605,62.65983857,53.1127542,51.94079805
"FA_22:2;0",2.382648002,2.127546301,3.302564878,7.169363132,12.54782218,10.84117934,9.078828599,10.0710347
"FA_22:3;0",8.000437844,5.869089294,11.53707189,25.17166366,16.70443422,11.86181991,9.593520136,10.1556207
"FA_22:4;0",49.19084785,40.35584051,72.80652039,129.6419379,107.9563944,77.76096119,56.11530672,81.86178701
"FA_22:5;0",66.76322815,62.32812514,103.723946,169.016777,115.7849468,77.40398904,52.02258447,86.85352561
"FA_22:6;0",144.5495612,134.1854917,201.7543797,318.9074696,260.705395,188.340676,130.660841,217.5904535
"FA_24:0;0",147.4916548,152.4421901,182.9454203,185.7437311,219.8240159,240.1609294,215.0433073,215.9811628
"FA_24:1;0",68.5776645,63.93652557,86.08532533,92.30254207,126.4622795,132.227552,119.7355049,118.3487861
"FA_24:2;0",1.566472861,1.415186431,2.063328053,3.359697341,6.480706285,6.707057443,6.266115911,5.1589333
"FA_26:0;0",47.27406519,47.5069537,58.37640273,57.4124951,71.37137546,97.48071609,68.53776771,68.36998339
"FA_26:1;0",20.04574787,19.94708879,24.46451366,25.67308781,34.14993925,36.41209693,31.51332676,32.60358392
"MAG_16:0;0",28.27393135,29.6169251,25.91969055,43.43068572,47.91533027,68.35119646,66.20766677,48.22692328
"MAG_16:1;0",2.188693919,2.768216272,2.124618233,4.904565101,3.021190782,4.998005911,4.782588062,3.737944646
"MAG_18:0;0",61.31070312,66.27606307,68.98705921,68.25904344,78.62710114,92.65966043,94.77008882,83.85220123
"MAG_18:1;0",67.79099647,60.46021952,92.70487788,83.815214,65.27176296,86.52422565,91.66950401,59.64077655
"MAG_18:2;0",26.9568422,24.58726712,34.76445535,23.68389618,32.97091689,36.33937951,30.87941961,21.89528362
"MAG_20:4;0",0.534601987,0.840975999,0.41069588,0.716342168,3.689056374,2.593669369,4.947448799,1.58918752
"MAG_22:6;0",0.167352187,0.49072072,0.460454329,0.509795639,0.691509958,0.528100149,0.146342731,0.25834541
"DAG O-_32:0;0",81.26790198,95.88609102,44.94276306,69.12311228,146.6288246,136.5398147,108.0601447,111.4282394
"DAG O-_32:1;0",88.82094302,126.2714184,61.02135958,85.42642339,158.3761121,160.0264089,111.5245089,113.0793157
"DAG O-_34:0;0",8.911161972,8.18945821,6.613488579,8.899510146,29.12021233,26.00826514,31.22265905,24.53963152
"DAG O-_34:1;0",137.4310958,190.038006,86.43140918,131.1729853,238.824164,218.4417373,178.3775375,177.7077788
"DAG O-_34:2;0",164.8557866,248.9523108,104.0849158,174.9277445,285.1421443,332.1719652,227.95365,208.9887124
"DAG O-_34:3;0",108.5710032,167.8889996,55.6377886,96.4368529,145.5223069,156.4082595,89.316837,86.86238333
"DAG O-_34:4;0",7.262396302,10.43332426,4.004749866,5.375446438,8.83192108,10.11851352,3.219536417,5.564360523
"DAG O-_36:0;0",0.326276142,1.488224037,1.125049078,0.663320509,3.041225623,1.369544252,4.73845579,2.278746931
"DAG O-_36:1;0",11.05586274,18.75153265,9.274319702,16.33637119,30.36971034,33.40849086,40.07108861,32.99675071
"DAG O-_36:2;0",52.27240116,88.48955645,33.64381986,48.27513253,83.59826953,88.6394125,72.1520263,74.39902554
"DAG O-_36:3;0",50.41066349,110.4823022,39.89825898,54.92926857,96.74472944,105.7593044,71.80154283,61.97813585
"DAG O-_36:4;0",24.19343598,39.10647714,13.44828807,13.59909598,29.75707381,30.45828066,17.68905076,27.07441207
"DAG O-_36:5;0",160.1565967,242.2365665,103.5452022,160.5730549,60.47025787,62.59384469,29.23577775,69.48970764
"DAG O-_38:2;0",4.505151055,9.00591903,4.960459851,6.043850107,9.238641531,13.61694203,16.36039262,8.256671279
"DAG O-_38:3;0",3.017292889,3.933139996,2.403428224,5.518560507,4.432514524,9.325648648,6.334140474,3.664241431
"DAG O-_38:4;0",3.529590082,3.46578528,1.800753972,3.079826973,5.488945195,5.767067288,3.785731827,1.122152201
"DAG O-_38:5;0",38.30917013,66.9445492,28.56447895,35.97149789,32.41669872,30.6038761,20.70569354,9.55639662
"DAG O-_38:6;0",152.9493106,264.6256172,101.38299,111.5077168,115.3152809,107.3934286,68.19555271,63.28576881
"DAG O-_40:5;0",3.108467169,1.933000353,1.847628033,2.697078155,2.771946928,4.095937367,5.593307127,2.713936696
"DAG O-_40:6;0",14.24397363,21.65795597,9.537477929,11.22902793,8.862221076,13.63793021,8.358386853,7.007934436
"DAG O-_40:7;0",19.38655968,42.48155787,13.70534754,12.54814781,13.52823523,8.835271735,3.511375977,NA
"DAG_30:0;0",206.0131743,159.5187345,107.0072093,277.9472309,306.7951206,497.2316202,550.2881417,448.4332146
"DAG_30:1;0",109.543097,93.64226973,56.73243524,166.2523377,138.0839916,246.6597587,228.5389637,229.704256
"DAG_32:0;0",1539.567126,1764.440709,1019.45288,2004.491828,2107.119456,3237.649013,3941.120082,3223.070721
"DAG_32:1;0",1954.26447,1976.829928,1107.024228,2664.249482,1978.688662,2972.566047,2845.934076,2931.336294
"DAG_32:2;0",575.9215363,632.222037,369.4313544,944.5831531,996.6587679,1216.701435,1114.797295,1060.028265
"DAG_34:0;0",98.05101718,118.361018,86.92677515,181.4095367,320.0489241,649.1786744,910.8677317,562.9609489
"DAG_34:1;0",8229.384268,9719.111398,6267.46349,10639.23419,9902.61624,12141.9963,13083.80182,12416.1385
"DAG_34:2;0",9403.931464,11393.36659,6195.326825,12106.11958,13411.086,16125.44813,14741.83649,15154.60745
"DAG_34:3;0",1986.363914,2510.815315,1279.36901,2707.677126,2493.011549,2921.373272,2364.11545,2918.137585
"DAG_36:0;0",NA,2.713247418,5.720827474,10.17698243,22.22068744,42.69317569,84.26032397,43.32111465
"DAG_36:1;0",351.2405153,362.0521133,279.1513988,532.9197596,859.2821439,1295.213245,1556.956697,1180.591321
"DAG_36:2;0",3167.658901,4511.00433,2710.787745,4530.566362,4046.985782,3926.913787,3831.088444,4265.313839
"DAG_36:3;0",1114.945855,1551.260397,772.3489279,1403.917685,1687.511121,1286.456938,1266.93329,1435.742544
"DAG_36:4;0",NA,NA,NA,NA,NA,NA,NA,NA
"DAG_36:5;0",NA,0.33842477,1.214082118,NA,NA,0.301807066,NA,NA
"DAG_38:2;0",135.9949104,186.8547439,173.5662254,267.0283817,329.1414728,387.0881835,333.3941675,265.4068057
"DAG_38:3;0",160.9967395,234.2685564,166.2662939,244.2980039,342.7207922,336.1647848,281.7748337,270.4683764
"DAG_38:4;0",267.2337828,423.8965103,256.4824251,306.6892633,340.7820543,240.93061,265.2344835,259.0248831
"DAG_38:5;0",263.920068,366.235487,184.1060335,260.0982855,151.1202637,123.7649178,92.19889714,128.8840213
"DAG_38:6;0",281.1350551,340.4575344,153.8457761,186.5583856,110.2672028,80.82074226,72.84611355,100.0829173
"DAG_40:6;0",51.70124857,55.07889393,40.90201758,73.49390688,37.28774435,19.80899387,16.88731536,27.59624008
"DAG_40:7;0",70.77867918,94.36451819,49.2341752,52.60347502,45.13323989,15.53268635,27.21486855,16.02189116
"TAG O-_50:0;0",0.002200466,0.010970221,0.011532182,0.004696893,0.007955966,0.008110525,NA,0.007543328
"TAG O-_50:1;0",0.080039459,0.471430415,0.345549323,0.154404549,0.245837147,0.183782036,0.056886573,0.212031751
"TAG O-_50:2;0",0.095441535,0.597495719,0.43773931,0.173566317,0.314531539,0.237734543,0.069057698,0.253548621
"TAG O-_50:3;0",0.057085765,0.283604576,0.203244543,0.093313619,0.167507757,0.122630939,0.038956521,0.107280779
"TAG O-_52:0;0",NA,0.003200296,NA,NA,0.001380444,NA,NA,0.000766401
"TAG O-_52:1;0",0.010590281,0.057676888,0.045866421,0.02694732,0.030209553,0.029171949,0.009497191,0.035407422
"TAG O-_52:2;0",0.102907236,0.70767739,0.527099152,0.22702415,0.306169963,0.253958727,0.065733056,0.253011182
"TAG O-_52:3;0",0.150259751,0.922543844,0.671902284,0.263212531,0.402324801,0.322848891,0.08276441,0.313153834
"TAG O-_52:4;0",0.079647981,0.468468356,0.310823169,0.141113305,0.240327122,0.217164702,0.049273481,0.140176379
"TAG O-_52:5;0",0.024030332,0.13748717,0.088986716,0.050565874,0.079197983,0.036979645,0.014896885,0.044396353
"TAG O-_54:1;0",0.004725824,0.028297503,0.019468742,0.010788597,0.006271018,0.009226916,0.000673255,0.009482221
"TAG O-_54:2;0",0.011796531,0.080820571,0.060014382,0.028933752,0.046078553,0.033602007,0.008600038,0.044416934
"TAG O-_54:3;0",0.054855035,0.325438407,0.251819249,0.099453641,0.119238804,0.107212137,0.02730753,0.095498958
"TAG O-_54:4;0",0.071089089,0.410360493,0.278706849,0.127549537,0.224951763,0.119935289,0.027329473,0.108896194
"TAG O-_54:5;0",0.036672995,0.220753676,0.157250623,0.071140157,0.127069776,0.072545356,0.016354431,0.065616519
"TAG O-_54:6;0",0.053548662,0.320814742,0.23568976,0.099542055,0.16921322,0.109056273,0.026291915,0.129812579
"TAG O-_56:2;0",0.005667092,0.047237927,0.033153332,0.010363669,0.014655281,0.009156823,NA,0.016673132
"TAG O-_56:3;0",0.007256146,0.048395687,0.042780958,0.014769698,0.018954018,0.014264197,0.001681029,0.020663088
"TAG O-_56:4;0",0.001846891,0.028431267,0.014000155,0.004362888,0.011166956,0.003641924,0.000855029,0.006073848
"TAG O-_56:5;0",0.001657557,0.030420255,0.015612628,0.010167811,0.016341827,0.010854863,0.001649853,0.010349277
"TAG O-_56:6;0",0.022023869,0.139875321,0.102771282,0.03681749,0.07832573,0.045132176,0.009216311,0.061825996
"TAG O-_56:7;0",0.056934917,0.369430846,0.245681815,0.118461908,0.222491136,0.112325638,0.028475733,0.145824131
"TAG O-_58:5;0",0.000535519,0.00947189,0.001323455,NA,0.002913676,NA,NA,NA
"TAG O-_58:6;0",0.000556443,0.00550685,0.002790601,0.003194526,0.008929636,0.004260107,NA,0.000887831
"TAG O-_58:7;0",0.005844578,0.040385554,0.029476845,0.013330694,0.033478756,0.011100576,0.001251536,0.022269181
"TAG_38:0;0",0.167841037,0.381908491,0.390567242,0.303440666,1.10185364,2.05043909,1.152451203,3.223004652
"TAG_40:0;0",0.011718352,0.007952743,0.110947802,0.075199417,0.107776506,0.228740026,0.386446807,0.404877576
"TAG_40:1;0",0.984170188,3.32907769,2.91878366,2.361289749,5.717375159,8.987464018,4.612092105,14.65931051
"TAG_40:2;0",3.159742168,10.09711448,9.48918454,7.105413916,18.83912608,19.94136691,7.987205328,33.26831867
"TAG_40:3;0",2.964151522,9.633247451,9.017782293,6.06757531,20.79235921,19.23201705,5.743439871,28.34167547
"TAG_42:0;0",0.018672548,0.001595219,0.004789301,0.001211496,0.057846099,0.025323796,0.063029167,0.022316791
"TAG_42:1;0",0.189136998,0.300714105,0.360426292,0.569958524,1.022601514,1.832342681,0.989858119,2.646584571
"TAG_42:2;0",0.789403884,2.281805012,2.087944093,2.054871521,2.982742016,3.581057186,1.645133166,5.356354992
"TAG_42:3;0",0.62032385,1.983995264,1.689622436,1.494205885,2.779691936,2.70440371,0.943236155,4.314426989
"TAG_42:4;0",0.217379097,0.620793843,0.624403733,0.413062737,1.360767615,1.1129755,0.37560647,1.686662427
"TAG_44:0;0",0.133287506,0.114818086,0.033657693,0.287055903,0.2712687,0.078802664,0.287434639,0.666298677
"TAG_44:1;0",0.342650796,1.388723254,1.289013063,1.096202485,1.431792064,1.379565133,0.938031767,1.750580082
"TAG_44:2;0",0.744908215,1.449742323,1.51624286,1.215376794,1.933855355,2.130673642,1.017736861,2.884526345
"TAG_44:3;0",0.24270314,0.83112127,0.58697259,0.406476102,0.743775798,0.681116138,0.318800986,1.071869151
"TAG_44:4;0",0.07328385,0.180623943,0.118854981,0.080170896,0.264193893,0.253905461,0.053458812,0.304937353
"TAG_44:5;0",0.012829995,0.028119724,0.032481008,0.009504513,0.056800339,0.021759399,0.004882438,0.101576055
"TAG_44:6;0",0.011424905,0.056381788,0.00583858,0.003532187,0.02162695,0.002688682,0.001673396,0.022255397
"TAG_46:0;0",1.928590566,4.294038797,3.290932181,2.476620598,2.819435344,3.728820548,1.497794502,5.707687016
"TAG_46:1;0",5.840953936,11.07984285,9.428880984,6.890056861,6.341185123,6.898482677,3.611823493,10.10532054
"TAG_46:2;0",4.653944341,10.42364574,7.187118213,6.167428417,6.43822217,4.900655587,2.86527254,8.239312402
"TAG_46:3;0",1.687674396,4.281406895,2.667483916,2.428483285,2.623419531,1.769707629,0.8538154,2.938347139
"TAG_46:4;0",0.19335639,0.515964554,0.326117283,0.250239614,0.501538624,0.2656837,0.162885606,0.526946136
"TAG_48:0;0",4.720865498,16.69798954,14.35162121,7.267335668,10.03393373,11.84946491,4.089615552,21.03421229
"TAG_48:1;0",30.94446105,65.80219026,62.10731173,41.19737962,37.12024844,40.25236027,21.58956926,64.37018589
"TAG_48:2;0",36.42169811,79.39027524,63.63768298,47.74893983,39.97707532,40.6265272,19.1098725,58.01719018
"TAG_48:3;0",16.7290533,41.23507333,27.82726686,20.51827648,17.62583427,14.45258293,6.310946897,22.3029702
"TAG_48:4;0",3.174752483,10.93263066,5.357796608,4.115037246,4.751764727,2.757285219,1.004245064,4.586630715
"TAG_50:0;0",0.311572409,0.933364666,0.919247539,0.262757591,1.780392542,3.155273453,0.800106901,5.427055635
"TAG_50:1;0",81.6299036,215.2200631,199.6943585,119.8568714,122.1739268,118.2840449,62.66690187,194.709145
"TAG_50:2;0",182.0161044,427.6040776,370.9977627,236.019782,233.0499774,206.8810215,103.7723385,328.8324388
"TAG_50:3;0",136.9369192,321.5815363,248.8415395,164.6478491,144.7311414,116.8329258,49.66402112,185.413241
"TAG_50:4;0",42.79866091,115.1662338,73.9883827,53.09235207,47.97722114,35.12792464,13.46288559,53.22921407
"TAG_50:5;0",6.753284833,23.8782849,13.40989184,9.223492724,8.087960512,5.642836588,2.213282549,8.703062429
"TAG_50:6;0",0.56481448,2.578660272,1.0940393,0.742017145,0.634324289,0.425624193,0.046287922,0.674180536
"TAG_52:0;0",0.018670343,0.087055072,0.074324381,0.059047253,0.108354474,0.409000105,0.078680705,0.748202816
"TAG_52:1;0",7.37656032,21.92945735,19.34262501,11.02868744,23.55774778,28.09686447,16.02517737,45.08090091
"TAG_52:2;0",199.6256309,554.3457621,506.2747891,291.730023,267.9182291,217.0164502,100.1730269,332.7126939
"TAG_52:3;0",376.1811716,915.190323,791.7095973,468.3586324,466.2377408,355.1154568,155.8481638,511.0651884
"TAG_52:4;0",245.6237392,591.7625208,468.5768531,286.4622505,311.7366734,216.6259483,89.49743226,323.7820828
"TAG_52:5;0",67.74450185,197.1416858,136.8235187,85.53946249,92.47890172,59.32595493,23.11168261,91.9599374
"TAG_52:6;0",10.59580595,36.94360532,22.78915389,13.45393513,14.01882246,8.914282629,3.378591522,14.03829283
"TAG_52:7;0",0.957824231,4.3985684,2.218456762,1.558055663,1.423807634,0.574214547,0.251637449,1.311511472
"TAG_52:8;0",0.046805411,0.2022722,0.058063653,0.013323884,0.038330655,0.00752983,0.007253476,0.030365917
"TAG_54:0;0",0.004416812,NA,0.012726989,NA,0.033277771,0.087475629,NA,0.014965115
"TAG_54:1;0",0.329438541,1.17546573,1.144568554,0.570415215,2.009598242,2.809874617,1.574739682,4.542322623
"TAG_54:2;0",13.74786278,45.94179145,38.83171394,21.81152019,30.5991092,28.23432095,15.29390445,48.7338383
"TAG_54:3;0",164.8091411,455.0444018,414.5387133,225.527977,224.4949723,163.0472313,66.3729614,209.3015713
"TAG_54:4;0",259.8144203,635.2315758,545.6086434,306.3889198,321.1159622,223.5364284,83.39690292,275.3007504
"TAG_54:5;0",161.5151774,409.9019044,322.7386474,181.8261365,231.812615,143.4693453,53.07571815,188.1041523
"TAG_54:6;0",52.39942837,165.0659343,115.4384438,64.67614429,99.97041421,54.65593934,20.68697359,78.27711712
"TAG_54:7;0",9.107892562,33.98972113,22.10922997,13.56242588,17.19395368,10.69673059,3.739874221,16.8679988
"TAG_54:8;0",0.984518487,3.963032329,2.601804927,1.318932601,1.55678188,1.016885267,0.331680572,1.395622579
"TAG_54:9;0",0.034658995,0.164628734,0.055945108,0.030694581,0.034180607,0.011853634,0.002733263,0.03012871
"TAG_56:0;0",0.00136941,0.001220861,0.003134016,0.002810326,0.009597087,0.005437074,NA,0.005663679
"TAG_56:1;0",0.03442323,0.143049755,0.138412705,0.063707479,0.179073859,0.150552333,0.031158243,0.193945751
"TAG_56:10;0",0.023586139,0.207440202,0.070765279,0.033667886,0.011874337,0.018097516,0.005311,0.005755786
"TAG_56:11;0",0.001183624,0.002335535,0.001646744,NA,0.000667011,0.000998904,0.000679462,0.019777085
"TAG_56:2;0",0.596101108,1.592413569,1.583349506,0.695622701,1.539854103,1.146982529,0.476223162,1.661708669
"TAG_56:3;0",5.148327585,14.6387258,15.10262377,7.752992115,9.469336857,6.449161566,2.297189927,7.374967153
"TAG_56:4;0",7.342797635,21.3813459,18.08897896,10.10075012,12.09482171,8.701606783,3.47808364,11.40658257
"TAG_56:5;0",8.5463182,21.82964733,18.81775915,9.87543128,11.83280336,8.246911654,3.217247205,11.2996424
"TAG_56:6;0",10.46289401,28.19789158,20.94326629,12.12279118,10.99382653,6.433247928,2.726120751,9.355122763
"TAG_56:7;0",9.866927391,27.06458527,17.81508355,12.052445,9.717267771,5.383787934,1.802932482,8.112832085
"TAG_56:8;0",4.069193197,13.52813356,9.19315276,5.724346235,5.478652717,2.936555868,0.96163147,4.724275507
"TAG_56:9;0",0.752020851,2.310612406,1.44838018,0.931040423,0.982234565,0.335671927,0.094979458,0.737666533
"TAG_58:1;0",0.005720105,0.074347999,0.067170463,0.055619744,0.038185638,0.042930282,0.008391141,0.086474896
"TAG_58:10;0",0.382004958,1.331679363,0.780570734,0.505327738,0.404640217,0.132298368,0.030642228,0.247127337
"TAG_58:11;0",0.030268439,0.208041614,0.087117197,0.016769999,0.023123209,0.005897159,0.001864695,0.03423326
"TAG_58:12;0",0.000819158,NA,0.000831823,NA,NA,0.001029493,0.000713071,0.000692785
"TAG_58:2;0",0.146616263,0.463262613,0.38388282,0.23902348,0.207604118,0.284519566,0.059647005,0.246509882
"TAG_58:3;0",0.34254203,1.128446319,0.730932135,0.342407369,0.76341709,0.519251669,0.128948136,0.597545231
"TAG_58:4;0",0.121035902,0.750589031,0.779872366,0.175637086,0.52185093,0.365166087,0.142671241,0.45675738
"TAG_58:5;0",0.255865157,0.073618469,0.532339433,0.198296767,0.135961971,0.165768216,0.048304447,0.178097315
"TAG_58:6;0",0.503449818,1.264195885,1.26676546,0.881034131,0.144905516,0.390864986,0.038624168,0.453461273
"TAG_58:7;0",1.918519586,2.977758543,2.923031112,2.675147203,1.258882866,0.274031877,0.027754366,0.742508596
"TAG_58:8;0",2.052402152,5.713960066,4.540235322,2.00511305,2.140220973,0.62457248,0.187357271,1.743595724
"TAG_58:9;0",1.477768578,4.165911725,2.874114067,1.970182072,1.289870177,0.713400585,0.136253786,1.341394684
"TAG_60:10;0",0.026523161,0.04606334,NA,0.021701929,0.036357201,NA,0.002871216,0.010045891
"TAG_60:11;0",0.003623366,0.028922405,0.047811093,0.012270789,NA,NA,NA,NA
"TAG_60:12;0",0.002014852,0.030425624,0.001646326,NA,NA,NA,NA,0.001498235
"CE_16:0;0",4.290416774,20.83743061,13.98872829,11.40260424,52.77644481,44.57817569,38.57177942,63.36402903
"CE_16:1;0",0.939772302,3.907875357,1.411733314,7.776610705,16.35999666,18.96169426,5.88166182,20.85144208
"CE_18:0;0",7.092010252,NA,0.34564871,1.006274501,1.18987416,1.8877035,1.77675265,6.546001065
"CE_18:1;0",18.47642202,53.16705158,56.74308439,34.41065416,142.7281774,93.17534042,117.7025379,180.11287
"CE_18:2;0",9.69096724,42.81801324,29.78468059,24.16941563,142.7511835,133.3361257,129.852026,135.8076885
"CE_20:4;0",11.70848666,19.69788091,10.52388518,13.78886353,54.80890547,61.29002751,109.1922236,101.9065008
"CE_22:6;0",NA,3.061904377,0.736015913,1.808127154,5.588616713,3.593308866,7.142781586,9.427805681
"LPA_16:0;0",2.355561148,0.959857367,0.975248277,1.037596442,1.601970639,1.20706479,1.076640701,0.734803379
"LPA_18:1;0",1.710660428,1.240323046,1.473081168,1.644887872,2.398561623,1.65338695,1.462105898,1.265279802
"LPA_18:2;0",0.373610742,0.165926408,0.173911501,0.23262892,0.710330733,0.610677464,0.274089165,0.283294789
"LPA_20:4;0",0.241850018,0.086491362,0.072709172,0.166878184,0.123407962,0.247477284,0.414186372,0.181374465
"LPC O-_16:0;0",0.84810859,0.665562238,0.822337496,0.896302102,1.396130836,1.774853271,1.726325055,0.931072735
"LPC O-_18:0;0",NA,0.010107543,NA,0.144236509,0.101177773,0.239056695,0.210439523,0.141988355
"LPC O-_18:1;0",0.486524926,0.439675523,0.303701567,0.445761885,0.969467979,1.383617846,1.031352879,1.002528673
"LPC O-_20:0;0",0.018734414,0.05660181,0.038242806,0.127765002,0.241745545,0.353557855,0.221485406,0.125655163
"LPC O-_22:0;0",0.011445146,0.008209968,0.0112636,0.024028276,0.10675009,0.20021346,0.103456308,0.059592044
"LPC_14:0;0",0.288683023,0.149650979,0.243573335,0.196964169,0.284142924,0.518864395,0.501495365,0.274387005
"LPC_16:0;0",164.0941473,164.4658618,194.0487273,197.8684079,329.558173,371.3672977,372.3324343,227.8143969
"LPC_16:1;0",2.057814389,1.415071417,2.284020834,2.092218791,3.142500721,3.780315438,3.410005556,2.531213876
"LPC_18:0;0",185.7578553,165.7209819,179.4543559,247.4618871,285.8890809,298.6951262,291.6647867,195.9378348
"LPC_18:1;0",32.53085806,21.55056733,36.05399586,34.06358522,54.41041008,58.21619653,51.25930498,34.83446967
"LPC_18:2;0",38.91584725,33.27575326,40.08566579,43.09241395,83.43825334,90.80690036,83.22700997,53.13657309
"LPC_18:3;0",0.12242108,0.139835451,0.138083614,0.125423586,0.686239277,0.824669983,0.674899914,0.597763813
"LPC_20:0;0",0.545858561,0.415904639,0.784464767,0.83495827,1.307367749,1.704436233,1.274553249,0.668066318
"LPC_20:1;0",0.774535838,0.384320177,1.215059515,1.031796892,1.217172991,1.406552713,1.154519604,0.512230112
"LPC_20:2;0",0.430529446,0.144633604,0.595319805,0.478156255,0.650583321,0.811727766,0.650052427,0.277270831
"LPC_20:3;0",3.767637184,2.122038917,3.847118955,3.384679773,3.630852991,3.984624834,2.880963726,2.143947643
"LPC_20:4;0",19.1851512,19.13091832,20.50199177,23.80470413,36.01037383,43.80630766,36.1593267,24.48932039
"LPC_20:5;0",0.269801917,0.083902511,0.185313178,0.301320629,0.174087791,0.337529339,0.255447172,0.174048853
"LPC_22:4;0",0.086969785,0.048195423,0.128184688,0.098587662,0.23137738,0.234655334,0.453367727,0.099273188
"LPC_22:5;0",0.489806261,0.320360217,0.601682063,0.407134654,0.533394116,0.658654218,0.693027949,0.334582729
"LPC_22:6;0",6.954204012,6.217782963,6.437390448,7.303697233,7.548297404,9.583296065,7.989819073,5.496576346
"LPC_24:0;0",0.602390862,0.50591832,0.480978877,0.677004872,1.692386251,3.350125403,1.83898045,0.9664682
"LPC_24:1;0",NA,NA,NA,NA,NA,NA,NA,NA
"PC O-_32:0;0",13.65879205,13.99343556,18.52235134,17.60967189,35.90573672,35.82579859,41.61217788,21.02144075
"PC O-_32:1;0",9.017407319,10.25629796,10.70642284,10.60341906,21.29772739,25.98459204,27.48119881,12.10566156
"PC O-_34:0;0",0.719914624,0.83641317,1.396453325,0.515784081,2.05400721,3.949253779,5.03255716,1.326837276
"PC O-_34:1;0",18.7913978,18.6398124,21.40944123,17.20155799,25.54699436,29.33143009,40.93952768,16.33666463
"PC O-_34:2;0",7.010286198,4.974217113,4.991410337,8.105204076,13.69116047,20.28249974,21.85761793,9.058330285
"PC O-_36:2;0",3.022398027,2.354340488,2.119905406,3.965816535,6.334991553,9.862315615,5.928969819,6.097082271
"PC O-_36:3;0",4.067215789,3.987803526,4.514969023,4.319522281,5.894704904,7.603943364,6.379904798,4.575797792
"PC O-_36:4;0",37.28442334,33.55082176,34.29384819,40.70171249,65.21818845,91.50476764,100.0791337,56.33947017
"PC O-_36:5;0",32.53453548,36.25664374,35.44453087,39.44990593,76.71095779,121.9606313,132.8732897,58.18570753
"PC O-_38:3;0",0.43689637,0.622814697,0.100996152,0.107064854,0.733991739,0.346808072,1.14222905,0.074648177
"PC O-_38:4;0",15.04187774,12.38326881,13.5391037,18.83030371,32.21963978,49.1472545,52.81487057,30.24631549
"PC O-_38:5;0",44.32989907,55.6157335,56.43572546,55.85590386,92.09697861,118.1765584,139.0659808,60.4809252
"PC O-_40:3;0",0.032976702,NA,0.155162749,0.286341901,0.626343877,0.479278855,0.18254742,NA
"PC O-_40:4;0",2.249531402,2.215052885,2.30909295,2.654468267,6.863975166,10.60363108,10.04934145,6.200410497
"PC O-_40:5;0",5.858682806,5.262147585,6.16785366,5.772298368,8.598528123,13.43694184,16.70225125,7.544479516
"PC O-_40:6;0",5.430062485,6.215242474,5.868883032,6.248990203,10.48831686,17.70212325,16.59323875,7.323948686
"PC O-_40:7;0",7.189723983,8.905803268,8.000886811,7.7455831,13.36689226,18.28840659,19.51856532,7.900944944
"PC O-_40:8;0",1.405126117,1.411799681,1.700522567,1.885438206,2.53459105,3.545752894,3.640233069,1.665299902
"PC O-_42:5;0",0.987627905,0.7063711,0.730761698,1.18816313,2.239531139,3.92067977,3.708781617,2.205527696
"PC O-_42:6;0",0.557395986,0.424004834,0.734836307,0.617538535,1.962364982,3.327387645,2.91834342,1.36935116
"PA_30:0;0",0.098493303,0.024132716,0.048376366,0.029633067,0.083606203,0.127911124,0.180981889,0.108358229
"PA_32:0;0",2.900312357,1.68623528,1.857585142,2.062090549,3.032013019,3.62008644,3.905255262,1.972050534
"PA_32:1;0",2.092438962,0.949061752,1.280860351,1.278415497,1.469258944,1.297296552,0.791408389,0.900171751
"PA_32:2;0",0.633990319,0.254548778,0.331844449,0.31172469,0.385296125,0.742146144,0.051292803,0.166655456
"PA_34:1;0",14.75490486,10.63608606,12.66992624,11.23099321,13.35779889,15.41420506,11.72260774,8.700986255
"PA_34:2;0",18.47138299,12.63937287,15.09338832,12.47596263,19.60189614,17.96640205,10.03552514,9.264314557
"PA_34:3;0",3.195231648,2.174512691,2.417490996,1.930589255,4.175162345,3.168221433,1.210200382,1.548329201
"PA_36:1;0",2.748751478,1.635017637,2.158078259,1.857993515,4.801919292,6.842659588,8.327491812,4.195342244
"PA_36:2;0",21.54595712,15.76716089,20.00821652,21.10730888,43.06330589,46.10008401,28.59860763,26.08079539
"PA_36:3;0",18.15823519,16.80058042,18.46495286,16.29688937,34.0336007,31.56780388,11.7802988,15.50525924
"PA_36:4;0",10.68131867,8.723569547,9.133187561,8.52360485,13.0086475,12.95311627,10.5217154,5.326216931
"PA_36:5;0",0.513077903,0.382952509,0.421603975,0.343738676,0.523880627,0.743698966,0.35345343,0.189988648
"PA_38:3;0",3.680709303,3.223099842,2.782858009,4.01431567,7.554247425,10.33328093,7.783769632,6.830941627
"PA_38:4;0",40.91630378,40.0313328,35.71071353,47.21341454,53.97521088,71.09096726,63.47005148,43.68380964
"PA_38:5;0",6.776547291,6.075612147,5.399263036,6.476549955,7.969469895,8.381642961,6.490810686,4.515824093
"PA_38:6;0",1.901665638,1.081623638,1.560509809,1.843934939,2.451843993,2.895913699,2.906807056,1.430306411
"PA_40:4;0",1.283381999,0.735929855,0.855159238,1.189664914,2.281106557,4.55546183,7.123171393,2.876072635
"PA_40:5;0",2.774828545,1.710447518,2.173546247,2.691631906,3.326905912,6.061439722,7.995080196,3.807837785
"PA_40:6;0",17.24373497,11.00518427,13.4269232,17.77708901,22.19334714,31.93768463,30.74217579,22.64209453
"PA_40:7;0",1.471527587,1.073719792,1.245692737,1.645761539,2.522425657,3.499037747,2.00583448,2.226238046
"PC_28:0;0",0.154321237,0.079321213,0.155736545,0.134268705,0.318283222,0.32389814,0.355395106,0.176417056
"PC_30:0;0",32.39318974,22.98491298,32.0474561,34.67367192,55.87099569,81.5877222,111.9774,36.47848837
"PC_30:1;0",2.313258523,1.353531825,1.617871454,2.72471668,2.934400862,4.112301517,4.158368584,1.99336739
"PC_32:0;0",1057.008306,932.5831649,1079.240944,1291.798833,2086.806925,2628.560986,3366.340655,1401.192619
"PC_32:1;0",327.968914,190.3482431,266.7247879,361.9076549,339.0908143,511.191311,383.6791945,213.9699737
"PC_32:2;0",22.73208492,12.38063696,17.89285502,25.51621573,31.03137133,40.44686831,23.91214632,20.12238889
"PC_32:3;0",NA,0.073682317,NA,NA,NA,0.25003314,NA,0.102131557
"PC_34:0;0",84.8384021,71.86316177,75.80143958,96.44378742,176.5512912,188.6236025,205.7463865,116.0093911
"PC_34:1;0",1284.798401,960.2096418,1225.651884,1546.279946,1859.864807,2737.967736,2703.933639,1328.816628
"PC_34:2;0",2496.166569,2546.006249,2689.740491,3146.66348,4240.927411,5443.466635,3554.50111,2720.792762
"PC_34:3;0",93.86385016,68.88631369,83.16208516,104.404582,137.8409699,184.0061073,119.2773025,88.28744679
"PC_34:4;0",2.274569835,1.657631554,0.962355505,0.844589846,1.258426741,1.638541746,2.337518872,0.436483457
"PC_36:0;0",4.911670436,3.545128564,1.384270692,2.511935919,4.231288338,5.854122945,4.172897862,2.999241541
"PC_36:1;0",519.278693,346.974838,414.7880135,637.1128756,1088.427747,1721.583761,1671.925395,980.3674541
"PC_36:2;0",3004.270139,2920.493214,2928.476997,3882.345535,8421.321028,11775.85461,9558.00512,7429.085154
"PC_36:3;0",1090.00198,1199.883285,1266.86139,1544.962548,2415.651708,3275.231625,1846.876445,1595.127718
"PC_36:4;0",1035.389752,1087.143642,1260.917507,1339.322862,1731.680805,2664.656205,2691.103036,1295.502172
"PC_36:5;0",34.15892559,26.51970402,34.90730652,39.34878506,43.7681868,69.86846723,66.16693797,33.27090312
"PC_36:6;0",0.229554278,1.960299392,0.180011708,0.143391686,NA,0.756343458,0.827460611,0.76232785
"PC_38:2;0",28.95746621,17.08797698,29.63622131,29.74005649,65.94748814,104.42309,79.40441663,53.44932749
"PC_38:3;0",232.7239355,183.9899743,245.8352592,263.0545025,510.3659537,678.8551559,504.7250666,426.5725115
"PC_38:4;0",1490.425617,1530.54607,1653.837126,2015.852827,3562.943819,5017.989408,4569.63539,3125.196772
"PC_38:5;0",459.2775932,505.0023845,626.9777729,694.4599635,1080.983772,1452.255406,1188.407807,754.136473
"PC_38:6;0",271.2467634,226.0516596,312.4318123,284.4404526,426.9159526,720.0293124,591.6561724,305.7542533
"PC_38:7;0",8.136774331,8.886612376,8.958719416,9.904768819,13.63661063,22.00836751,12.41557155,10.37451911
"PC_40:3;0",2.899224468,1.08642657,3.004698805,2.594448783,4.758909462,7.828831816,8.430789292,3.370725926
"PC_40:4;0",24.42568562,16.63189033,25.97241119,29.12114596,65.98098431,91.95084789,140.4751654,47.29466499
"PC_40:5;0",74.06896286,61.01824888,93.87478691,92.90858973,182.668728,267.2544683,297.4585494,127.9730527
"PC_40:6;0",244.367108,192.0102591,274.7465754,280.6059095,441.9986875,609.3801936,540.9322643,294.3431738
"PC_40:7;0",61.44942204,54.44655076,88.87567968,77.582962,124.2000845,174.8417548,134.3936139,72.80565508
"PC_40:8;0",21.75873186,23.05383182,21.62351198,33.56096985,83.05828016,134.6175117,87.07519001,54.34975476
"PC_40:9;0",0.392392236,2.374747127,0.103358119,0.287197176,1.226863283,3.096668697,0.947973131,1.348589924
"PC_42:4;0",1.52452743,1.183222243,1.350714449,2.050109017,3.657334521,5.056034564,7.958777502,2.026129908
"PC_42:5;0",3.065172376,3.104055735,4.253230647,5.30192927,9.533814563,12.73352561,18.87525024,5.54473559
"PC_42:6;0",2.953554163,2.379185878,4.247318747,3.291477754,9.02117193,10.68926129,16.01014596,5.394493837
"PC_42:7;0",11.69254644,10.07346745,14.06279785,14.44103945,30.17120168,45.50715405,37.20520714,16.6460816
"PC_42:8;0",103.7098552,118.2263135,111.1991675,116.8542758,123.2797031,182.4815562,130.3533586,72.87471737
"PC_42:9;0",8.30769595,9.453603871,9.1088322,11.00003377,15.00597065,19.8765587,13.72472057,9.245862415
"PC_44:8;0",7.063789031,7.262284937,7.810704587,9.455191243,18.60475224,30.22820818,35.72655975,10.86262067
"PC_44:9;0",11.68037784,10.70872842,12.52879704,14.99180243,22.72849089,28.6521279,30.29158583,11.91357186
"LPE O-_16:0;0",0.118942961,0.209421025,0.226343274,0.279865254,0.610276219,0.604843776,0.644084327,0.442847232
"LPE O-_18:0;0",0.177504408,0.186175579,0.207541292,0.307471862,0.607272867,0.810301932,0.769297004,0.489179805
"LPE O-_18:1;0",1.710196399,1.784611248,1.74200101,2.56262378,5.133528386,4.83968826,4.158336115,2.827861917
"LPE O-_20:3;0",0.14053641,0.134665017,0.242759304,0.279361852,0.457688648,0.645902331,0.462248917,0.267899488
"LPE O-_20:4;0",0.223470168,0.314687217,0.270135245,0.374478308,0.690057024,0.985033001,0.616064346,0.549032319
"LPE O-_22:6;0",0.018108286,0.025335616,0.043645676,0.089640088,0.10780674,0.14445561,0.108257232,0.029859741
"LPE_14:0;0",6.398400343,6.692833694,7.278620047,7.589386621,8.957732688,9.185501987,9.189733003,8.807301609
"LPE_16:0;0",10.6578593,8.767357035,10.60741949,10.54846857,17.83934446,21.27106034,21.1913087,13.81169377
"LPE_16:1;0",1.0437927,0.405909331,0.55866939,0.875639071,1.443536352,1.649233032,1.310134535,0.903216988
"LPE_18:0;0",21.27014399,19.41531906,20.828191,23.13360688,36.95315592,40.37294038,40.24968386,22.77415596
"LPE_18:1;0",11.7407149,6.940217262,8.858054799,9.275150827,16.7164344,18.06225621,15.7285619,8.141768478
"LPE_18:2;0",7.453241404,5.242872632,6.018067257,5.914966489,12.85741399,14.35060428,11.32188657,6.011333362
"LPE_18:3;0",0.084854442,0.043005656,0.05144006,0.073619863,0.173090654,0.278504867,0.114591506,0.078515953
"LPE_20:2;0",0.479847994,0.484157536,0.633517894,0.760159428,1.506478344,2.162018856,1.317549952,0.992511006
"LPE_20:3;0",1.053684158,NA,0.907641791,0.893022457,1.069557407,1.432054498,1.203429723,0.622184071
"LPE_20:4;0",24.65690774,20.43427762,21.82012516,23.41328184,28.90844434,40.19078918,39.15225973,19.55204961
"LPE_22:4;0",1.362917076,1.027438055,1.547771946,1.331565674,2.303992885,3.593543949,5.165907235,1.662249654
"LPE_22:5;0",1.638711405,1.454084096,1.973568741,1.623890752,1.889657758,2.589862533,3.517493435,1.349513491
"LPE_22:6;0",11.01727464,9.493213169,12.52691817,11.76891507,13.31037174,15.67596642,14.20573287,7.691670039
"LPE_24:2;0",1.362917076,1.027438055,1.547771946,1.331565674,2.303992885,3.579273691,5.142543527,1.662249654
"PE O-_30:0;0",NA,NA,NA,NA,NA,NA,NA,NA
"PE O-_30:1;0",0.028569015,0.031275991,NA,0.016765826,0.01719608,0.066365253,0.040540218,0.026519345
"PE O-_32:0;0",0.03422243,0.096104672,0.083789098,0.020707449,NA,0.040816758,0.165018412,0.004312577
"PE O-_32:1;0",11.4963459,6.131537499,9.07152176,9.982365988,6.208632157,4.629307401,3.448673105,2.747628551
"PE O-_32:2;0",17.77145271,11.83362275,15.08716853,18.700103,23.51726453,23.56609904,13.7721577,13.73623682
"PE O-_34:1;0",3.540643047,2.726856996,2.666724096,3.494854201,5.261506707,5.281900669,5.784272866,3.499149119
"PE O-_34:2;0",62.51052476,49.10730019,54.05640824,68.70734388,132.9216628,141.1298111,117.9141787,77.43247616
"PE O-_34:3;0",51.37611115,47.94680538,51.2379913,57.42943891,102.2991784,117.4627506,72.76895117,51.90771394
"PE O-_36:1;0",NA,NA,NA,0.125971392,0.423791932,1.46921034,1.155783242,0.82730654
"PE O-_36:2;0",12.46486277,8.37631953,11.31181288,14.3325601,26.46513347,37.4732254,27.94634603,18.97355822
"PE O-_36:3;0",23.35433883,19.22270954,25.7159454,30.42772472,61.9586467,89.07757755,60.85358267,41.35711764
"PE O-_36:4;0",26.15047845,25.89660823,29.96154262,31.26462237,50.70500726,60.88411984,48.96143215,28.63981491
"PE O-_36:5;0",485.6776671,521.6513975,532.7152569,605.7201678,738.5281488,924.7887658,902.572965,485.5946358
"PE O-_38:3;0",2.426569676,1.400905904,2.276172741,2.539457784,4.879791301,8.206109369,5.981475114,3.615185537
"PE O-_38:4;0",8.796060999,7.571777823,9.831967702,9.564437611,18.29213278,27.09666617,35.29283795,11.72941889
"PE O-_38:5;0",154.8633053,138.1272252,168.6355261,176.2580804,340.0879917,500.304728,560.3258069,266.5867182
"PE O-_38:6;0",171.0824067,195.8084264,203.8469995,191.0984301,249.2729899,326.7335648,384.2494668,182.1999575
"PE O-_38:7;0",337.6823387,359.7470582,429.8087982,373.283433,405.5753839,448.997033,390.4422217,256.2475904
"PE O-_40:4;0",2.127565079,1.833483046,2.963332345,1.951681092,5.844120159,8.915838669,10.8544258,4.58333463
"PE O-_40:5;0",21.13912193,18.44139226,25.12393836,24.28156844,52.38894894,83.87797638,98.68748342,45.44829735
"PE O-_40:6;0",26.78742776,25.21830635,31.31788845,26.78565386,49.65408448,75.07208963,108.7429126,42.93814229
"PE O-_40:7;0",77.15757133,70.28640659,89.64201133,88.72028502,137.0971784,197.3277111,209.4896592,112.5004458
"PE O-_40:8;0",82.6515495,95.74598299,111.9129032,94.37462136,104.2947881,119.0368004,133.4182292,70.99982943
"PE O-_40:9;0",6.391942979,7.496056347,8.352620476,7.450255535,11.26127256,11.74085456,11.01832593,6.30474604
"PE O-_42:4;0",0.169990844,0.029042905,0.275138867,0.091535669,0.520377641,0.969959542,0.945034213,0.502042216
"PE O-_42:5;0",1.106966454,0.901190164,1.338466933,1.271797287,2.967314288,4.710205481,5.030849274,2.804397046
"PE O-_42:6;0",2.597276659,2.323876673,3.666218895,3.290365673,7.103980328,11.2952077,11.48531118,6.55652876
"PE O-_42:7;0",5.223086314,5.110810069,8.068046889,8.251318538,13.56965972,20.02891628,18.38568672,11.26785091
"PE O-_42:8;0",2.019007502,1.87257974,2.811648073,2.791999655,3.552371673,5.425995234,5.291198008,3.172644864
"PE_30:0;0",0.423294765,0.16572969,0.299224461,0.404900332,0.414564183,0.520415665,0.451105284,0.345732173
"PE_30:1;0",0.176987622,0.057798249,0.037660876,0.110158686,0.032508795,0.106480298,0.099427676,0.083271849
"PE_32:0;0",11.77159986,7.973152195,9.385033167,12.04128184,7.182550081,9.072422197,11.95549289,7.193491915
"PE_32:1;0",30.60478793,12.66059686,17.73250724,26.77781297,17.67085439,25.56808459,17.26464112,16.2869635
"PE_32:2;0",4.84807586,1.302381743,1.841316632,3.850710004,4.295254493,6.940750431,3.448905575,4.206104349
"PE_34:0;0",5.206012108,3.43889414,4.637654064,4.627780203,4.644811044,5.171046732,5.71198502,4.714025573
"PE_34:1;0",117.0787064,70.80333849,88.65929464,150.1466977,164.02845,216.0500906,191.900285,153.8435278
"PE_34:2;0",440.7923443,386.3518303,368.1651489,457.5241046,497.8925388,600.8602056,387.4521178,371.9783398
"PE_34:3;0",56.20284066,28.23139874,30.21066053,50.70574851,72.87555007,102.8978967,52.05732275,57.59176664
"PE_34:4;0",0.672982975,0.459673684,0.377899717,0.723734271,0.263019407,0.428609517,0.401611363,0.489260843
"PE_36:0;0",0.462906347,0.26075773,0.404900465,0.311992735,0.620681934,0.899140207,0.741676727,0.594600785
"PE_36:1;0",58.16441929,42.34419064,51.0945941,79.18744793,189.6488638,264.0524863,267.2566887,194.6645784
"PE_36:2;0",508.3265171,476.2500413,446.1447963,611.0608062,1325.981938,1828.768691,1344.654926,1125.287456
"PE_36:3;0",456.1929897,390.8179916,361.4680263,496.5340293,816.2745027,1113.995608,625.700639,568.8980638
"PE_36:4;0",367.9338227,419.2235124,377.9884119,369.0978724,335.8627276,468.2958953,302.7051328,228.6532481
"PE_36:5;0",42.69268815,32.14279105,33.4308848,41.33131582,44.29078174,81.02049401,38.78028672,38.86358684
"PE_36:6;0",0.27293638,0.110442468,0.041227545,0.304131678,0.490109355,1.188270132,0.117800513,0.360662958
"PE_38:1;0",3.565604816,2.241669225,3.989463734,3.965293165,4.338204455,5.855933907,4.888675384,3.121755424
"PE_38:2;0",7.84299848,4.089890587,7.157849635,8.579357039,12.28958717,15.79706932,10.3348236,8.945745511
"PE_38:3;0",37.9226368,34.39588756,41.95987611,42.64987166,78.25664553,106.7388566,88.95102095,58.70056329
"PE_38:4;0",764.5351253,821.7289113,843.1074299,894.24122,1594.694274,2590.610444,1992.284509,1251.870041
"PE_38:5;0",390.4484028,400.6166897,400.9125249,449.3724761,578.8675996,970.0317763,576.5089107,438.0667005
"PE_38:6;0",222.1834524,188.5689249,260.281946,207.4594015,194.3470912,239.5999032,182.797435,124.1795653
"PE_38:7;0",14.03297118,7.310521711,10.98956675,11.18692657,13.15241477,19.90920652,7.361898201,8.43417923
"PE_40:3;0",0.608603456,0.558112353,1.310096052,0.949749417,0.567105099,1.227475107,1.342768785,0.4768036
"PE_40:4;0",19.86361559,18.28486008,25.57756343,24.21740678,43.87838977,64.21521799,98.889624,34.7634057
"PE_40:5;0",42.9641349,38.36332089,46.50350404,44.95503515,59.86164918,82.11065082,105.2262073,46.26563058
"PE_40:6;0",181.1858792,160.141096,203.3625714,189.6866419,273.3157387,360.1520513,312.9766423,198.5740472
"PE_40:7;0",121.6465002,93.42653674,121.25481,123.5289392,178.2185872,235.1698584,130.9020767,115.4485793
"PE_40:8;0",9.258901008,6.768982863,6.910104087,8.449613165,19.10857514,25.8065197,15.71431691,13.42813695
"PE_40:9;0",0.329237745,0.097449226,0.133189022,0.212785852,0.35546035,0.288070901,0.115168166,0.260634418
"PE_42:4;0",0.784364017,0.342211596,0.602266555,0.784304137,0.888859537,1.057753575,3.159351968,0.7928833
"PE_42:5;0",1.328505952,1.137181844,1.200625106,1.602559498,1.796021578,2.141037212,3.220397972,1.435924066
"PE_42:6;0",1.266754757,0.972972911,1.506746426,1.34390894,1.296964403,2.485090621,2.008183345,1.416603821
"PE_42:7;0",2.286749455,2.118164701,2.925773417,2.780503061,4.129377649,5.026661167,3.411906254,2.830325849
"PE_42:8;0",1.687712459,1.741805444,1.836708133,2.007332642,3.913373516,5.257443939,3.613164949,2.93701809
"PE_42:9;0",0.924644529,0.564775969,0.793792174,0.900732103,1.936049717,3.086403603,1.796407884,1.601927117
"LPS_16:0;0",69.29561904,42.56368895,34.19896649,29.55111713,23.64054982,22.54189028,16.35179273,9.327059603
"LPS_18:0;0",23.22927857,42.31185361,76.10551328,94.46143731,121.1287528,152.9414258,172.8112649,112.9795537
"LPS_18:1;0",5.568172931,9.007640811,18.5070468,19.62370659,30.3509103,40.26818958,46.91466886,32.39065797
"LPS_18:2;0",0.12073818,0.510969769,1.455169025,2.897311117,25.06938939,35.69577525,23.34614751,15.12115924
"LPS_20:4;0",3.421282394,11.76973502,22.44533468,19.52872925,20.66624568,28.69720732,26.34771766,14.32882668
"LPS_22:6;0",7.18387431,12.71334908,28.4035899,31.0671748,43.90485887,39.14118634,30.15253852,31.48724078
"PS_32:1;0",0.164230734,0.12159791,0.300232262,0.817778143,0.559754532,0.899538867,1.043341885,0.555471225
"PS_32:2;0",0.008929849,0.005594827,NA,NA,0.010791641,0.035153109,0.006325101,0.012401563
"PS_34:0;0",2.643387575,1.642927402,2.586071782,2.725005734,3.317045105,4.76686801,4.863081246,3.534324128
"PS_34:1;0",9.630746272,8.111656531,10.05490218,14.25304671,20.94917815,29.82260771,37.07590749,19.53142135
"PS_34:2;0",13.26693327,13.89089906,12.61061865,26.42440777,45.52908713,50.71971848,29.66687512,35.43005793
"PS_34:3;0",0.01260177,0.013827554,0.038353909,0.130254998,0.216773378,0.55737432,0.570087218,0.451049418
"PS_36:0;0",0.135049646,0.107840401,0.040058513,0.129531814,0.187546363,0.382054506,0.159381277,0.134087605
"PS_36:1;0",76.77442108,68.43862851,92.08150239,76.55111366,193.5707762,262.65652,408.9145178,145.6493965
"PS_36:2;0",146.4651011,121.7807794,129.6572061,207.7418353,644.52166,871.0975903,681.0070324,518.2356792
"PS_36:3;0",11.55829381,9.931944352,10.1747862,20.38201244,77.84741682,92.58438814,50.11226079,52.03289151
"PS_36:4;0",21.81013386,35.58266484,24.60908579,36.59548567,30.05886919,28.67924247,21.85889393,25.67398015
"PS_36:5;0",0.031906837,0.107826932,0.013098657,0.175922334,0.281572832,0.19353851,0.056229043,0.406976873
"PS_38:1;0",1.456628312,1.596639139,1.768426907,1.974368576,3.73790701,5.208565131,6.299785005,2.730035326
"PS_38:2;0",4.988020897,3.925767251,4.815174742,5.663617582,11.03078269,13.17868244,13.09174845,8.410131788
"PS_38:3;0",51.52657698,43.04698369,53.29162045,60.76165351,121.7630521,148.2073959,139.6850747,87.79183724
"PS_38:4;0",603.1035428,689.7999482,589.8196915,662.5431988,654.8764537,731.9081906,670.6250002,520.7592433
"PS_38:5;0",48.49925404,61.20838299,49.86813716,63.11729371,63.42507299,60.25282187,37.16093836,46.93043064
"PS_38:6;0",11.62364364,14.25247845,14.11346514,23.4354788,27.99775631,23.95861527,17.40910758,20.35210445
"PS_40:2;0",2.859316238,2.903518231,3.388987031,3.330254128,5.406229975,6.900503794,7.081606333,3.671102964
"PS_40:3;0",2.064552111,2.383492963,2.575356504,2.780040941,3.997523176,5.139269735,5.611373294,2.893218183
"PS_40:4;0",36.95688675,33.91635526,39.37557148,44.07348739,97.1370696,112.118305,174.1299442,65.84700908
"PS_40:5;0",75.91660414,70.99732645,85.87026812,92.36247686,132.2602737,139.221791,175.0057852,89.43051413
"PS_40:6;0",539.1191551,474.8365726,602.8358337,681.918628,904.1818929,881.7836568,727.9984635,556.1556068
"PS_40:7;0",41.89086599,42.3815978,52.06007512,66.28877644,98.05752565,86.72892877,39.57378259,53.62503776
"PS_42:5;0",2.457702049,3.246072018,3.267228589,4.010001912,6.319696629,7.136831696,9.268725121,3.601690973
"PS_42:6;0",1.185085958,0.877815998,1.869760562,2.095740136,3.711529527,3.816287969,2.887060096,1.933721514
"PS_42:7;0",2.214239163,1.926748093,3.529349487,5.073302311,9.008919131,8.123520884,4.167497164,4.661638703
"PS_42:8;0",0.269243007,0.971513093,1.278054302,1.994908897,5.992038245,6.059777552,3.20765308,3.29633307
"PS_42:9;0",0.684323982,0.736851883,0.977752468,1.418080696,2.337007861,2.498039931,2.098480342,1.714688985
"CL_66:4;0",0.805720197,0.077612704,0.156359838,0.152709119,0.173187761,2.528617234,0.581997981,0.147215433
"CL_68:2;0",0.839771404,0.374076292,0.452182578,0.207933821,0.598719016,2.435119136,3.516353646,1.377608243
"CL_68:3;0",1.727930077,0.276070668,1.136601133,1.420439677,0.779198927,3.074297689,3.963506979,2.214152299
"CL_68:4;0",1.519590355,0.36276113,0.886717083,0.984928884,2.034656292,5.463030599,3.868456871,2.487667383
"CL_68:5;0",4.364087631,0.621232458,1.896926886,2.890330921,4.523413845,11.71428493,6.458980224,2.458305492
"CL_68:6;0",8.252992693,1.693347202,3.878630077,7.720685974,10.00865879,26.71597181,13.03287392,9.660651323
"CL_70:3;0",0.721406707,0.268277531,0.631546311,0.28116575,0.87522745,1.310499946,1.021946831,0.600927201
"CL_70:4;0",4.855279134,2.728592015,3.113791919,4.486799961,5.141763397,10.44903843,9.237033581,4.864431186
"CL_70:5;0",7.013166916,3.119272159,4.659418817,6.222847069,10.8437149,22.92777741,16.56608393,12.62579049
"CL_70:6;0",15.24015917,6.167737362,9.148854226,16.50575924,24.89085462,58.56256997,41.49755245,20.38059637
"CL_70:7;0",48.06980359,20.54496347,36.08170054,47.4519028,90.09810987,177.8538228,114.1140695,81.04191548
"CL_72:5;0",1.239824606,1.434749482,1.341075954,1.787005033,3.25857735,5.603102174,7.964047634,5.386577349
"CL_72:6;0",11.47462834,9.565661523,8.166682546,9.894188502,16.45656678,34.31137217,35.80966712,10.91587177
"CL_72:7;0",21.34362207,36.44411951,21.42271057,39.63766784,220.2405182,399.468013,272.7220725,194.434831
"CL_72:8;0",222.2600852,162.4190387,203.6315176,209.9396102,597.0623707,876.9135052,639.649108,456.3634455
"CL_72:9;0",4.364817059,2.666179106,5.322723532,5.380617369,20.3416076,34.56624714,23.79440219,13.39691879
"CL_74:10;0",17.34396646,10.73834635,15.73654592,12.7331016,38.77451936,51.7214098,52.68237482,26.00818224
"CL_74:11;0",NA,0.557844946,0.181796345,0.16472633,1.958977646,5.144290633,4.358570597,1.118737128
"CL_74:6;0",1.215493616,0.701923546,0.999136821,0.388297135,2.811264624,2.93990011,1.952125349,1.25480443
"CL_74:7;0",0.553359427,0.559685638,1.717764767,1.265079168,3.415183369,4.831187224,4.481081848,1.605846134
"CL_74:8;0",4.11249794,4.449201706,4.8137448,6.075512417,9.202881888,19.0006468,21.87265586,8.127384247
"CL_74:9;0",15.11277276,9.707090159,14.56404552,16.96722375,28.97248574,56.82626043,45.48055479,16.88298302
"CL_76:11;0",3.745848614,1.245934902,1.763878243,2.404721372,4.584877042,5.893311926,9.032029958,2.305465512
"CL_76:12;0",4.118580693,0.822869624,2.827143852,2.06240994,5.831793795,9.938437857,7.500467937,3.111489407
"LPG_16:0;0",13.22253872,5.876793982,4.76301115,6.786747971,5.964266709,8.641540941,6.068662986,3.933967464
"LPG_18:1;0",NA,NA,NA,NA,10.06583352,12.38755355,15.7397677,8.745303465
"LPG_18:2;0",NA,NA,NA,NA,3.503450657,4.859887436,6.26215898,2.918239202
"PG_32:0;0",0.499267056,0.247634021,0.374593458,0.482506694,0.724293129,1.270976339,1.474958689,0.51736669
"PG_32:1;0",0.730926,0.33897417,0.648810641,0.929262475,0.941979429,2.018609792,1.524515055,0.958139688
"PG_34:0;0",0.081260019,0.054774797,0.033234417,0.077785419,0.276710586,0.561672611,0.778592796,0.235747117
"PG_34:1;0",24.18723552,15.29053429,19.38661717,22.76488312,33.56175652,60.57379454,64.79196372,30.00923684
"PG_34:2;0",14.9024869,9.121168182,12.36882049,17.763456,27.78637897,50.22780865,44.09546861,28.12196894
"PG_34:3;0",3.220979283,1.880678215,2.400143904,3.40532554,5.111334676,8.582210405,7.392244177,5.013035097
"PG_36:0;0",0.010836034,0.025492203,0.015804576,0.036662298,0.023254249,0.017152675,0.071925343,0.026270038
"PG_36:1;0",1.313926838,0.974367445,1.35141829,2.81986187,9.427944443,17.06570443,26.93447174,11.89217251
"PG_36:2;0",22.53960818,20.89011008,23.50723947,44.57364363,101.8645613,190.1826704,220.4645453,116.3751896
"PG_36:3;0",21.31463977,21.0899167,21.10085534,33.72456976,68.43256013,102.1972468,108.0409388,58.83262385
"PG_36:4;0",8.107064828,8.547316143,7.332677742,9.903917271,20.099631,26.56446746,28.45069313,14.77102226
"PG_36:5;0",0.874059207,0.709763406,0.530460838,0.705916603,1.275583556,1.602904287,1.825012945,0.954888218
"PG_38:2;0",0.258165212,0.199109014,0.289536501,0.464782379,0.985179085,2.055320413,2.653952056,1.191670059
"PG_38:3;0",0.56602764,0.600368968,0.666135541,0.890100769,2.385581676,3.901213888,4.605842769,2.190199194
"PG_38:4;0",3.611878574,3.565388412,3.377425923,4.818218581,10.10809427,14.29465932,16.76983166,8.504898253
"PG_38:5;0",3.787389762,5.328355058,4.263667782,6.118671858,13.77419854,15.03970087,21.06205938,9.998466222
"PG_38:6;0",2.570141985,3.846799139,3.031236047,3.932936502,10.11356831,11.02869103,15.79192015,7.435030476
"PG_40:5;0",0.828864581,0.81909334,0.776029705,1.064332318,2.599137301,3.279292722,4.809027145,2.016859004
"PG_40:6;0",3.411251482,3.392959603,3.817193292,4.242559986,9.736790739,12.49856934,15.00561446,8.329956598
"PG_40:7;0",5.27475683,4.868050034,6.013522115,6.461997771,19.59718281,29.33831955,30.51457898,21.02581937
"LPI_16:0;0",5.98258156,9.859465972,19.84779057,12.87888432,7.411615709,13.00297243,15.68446802,1.492559064
"LPI_16:1;0",4.360498619,15.03217894,22.66877845,17.83291999,11.70353249,17.55790908,1.558829183,12.43705516
"LPI_18:0;0",24.05784303,61.80981948,93.2049876,111.7590611,174.5709526,274.2871895,342.4054677,167.6071361
"LPI_18:1;0",88.95738881,89.02696408,84.83993239,65.36007779,69.11254938,61.90884108,74.72417615,47.25519721
"LPI_20:4;0",34.3788871,77.95323233,133.2385471,151.9956204,181.7861979,221.5549978,263.4810272,138.8517998
"LPI_26:0;0",16.24790903,18.75330642,26.18124303,45.83997466,34.05374397,81.90075365,167.6439499,40.74463898
"LPI_28:0;0",54.17680012,34.16161283,35.53903267,53.88481224,118.3354106,172.3433354,304.6343362,144.7146342
"LPI_28:1;0",8.150975597,10.44078799,17.76118898,23.2574727,32.43324262,76.01836455,84.09103766,62.32501005
"PI_32:0;0",81.41989017,98.59001173,80.67845209,103.6173773,101.1211576,94.3895101,64.85518659,81.361345
"PI_32:1;0",19.00098431,24.39653625,22.53420586,36.68065546,43.66609714,38.39364998,33.17395908,39.07158545
"PI_32:2;0",0.043201811,0.115855336,0.011381465,0.060589433,0.295464519,NA,0.490583308,0.038555048
"PI_34:0;0",146.8567843,130.6899376,156.2040953,172.3052859,245.993483,258.3040513,362.0167463,199.6541019
"PI_34:1;0",1040.822554,878.3911374,1088.907992,1245.200493,1631.371612,1653.193539,1497.20144,1178.678892
"PI_34:2;0",93.45561066,84.80497081,93.32582676,124.1860403,173.955425,161.3494607,81.02583797,110.7913304
"PI_34:3;0",5.409040263,3.710338139,3.955042552,6.710965192,16.88047613,23.5872077,17.06426522,15.57427977
"PI_36:0;0",5.636147166,5.188892112,6.901478502,7.142740282,15.58517131,13.71100459,21.86565814,9.36522247
"PI_36:1;0",8.626263211,5.42927487,7.676522628,11.53143626,22.55673471,32.0064438,31.52457872,23.99566766
"PI_36:2;0",60.83981009,47.72534179,37.13559584,58.62128993,87.12831857,93.01158409,75.26295749,65.30342479
"PI_36:3;0",85.30532793,83.74682032,51.93308525,63.08008872,59.66176916,62.70969975,36.10807245,36.49203882
"PI_36:4;0",306.4615458,263.8058942,296.5504682,290.2784859,219.9072616,235.0673625,188.1774567,126.7536472
"PI_36:5;0",6.031642245,4.136581745,4.594409507,5.257195227,7.63545809,14.26195744,12.11505504,9.287234336
"PI_38:1;0",0.153641537,0.096854859,0.157550025,0.673290917,1.079048046,1.581799707,1.710945919,0.558424809
"PI_38:2;0",0.312158903,0.152143986,0.892072842,0.506523242,2.353447603,5.464837344,4.443131423,4.5560993
"PI_38:3;0",45.37609825,45.41464593,41.99857713,61.49600641,109.576313,137.4565705,119.3457919,104.5685151
"PI_38:4;0",1567.943656,1552.279154,1647.775667,1953.735076,3390.789027,4887.976397,4504.908438,2805.973636
"PI_38:5;0",519.203583,469.3953316,442.5829525,407.1416025,634.3237928,696.7965675,401.2871425,378.9907308
"PI_38:6;0",17.93389947,14.60176484,13.04443814,12.36559509,23.70160121,24.39452471,16.3748374,14.69779264
"PI_40:3;0",0.299733317,0.714075368,0.368861912,0.590907427,1.089186974,0.924917962,0.481908495,0.632159468
"PI_40:4;0",9.663263912,5.737875813,8.259712593,9.388556537,16.46533805,22.48261079,31.96261111,14.31609125
"PI_40:5;0",13.78542696,9.547379584,12.74793296,12.92044552,18.84313077,26.29447051,27.4659393,14.62812635
"PI_40:6;0",11.16316019,8.076381021,10.04897056,9.294986275,14.13713874,18.14284211,16.89191284,10.49611777
"PI_40:7;0",2.715230874,2.324464948,2.394111539,1.905614797,3.064173276,2.950571249,2.650613532,1.935759862
"PI_40:8;0",0.567929149,0.323815687,0.377850487,0.443964878,0.715450177,0.840840866,0.334391366,0.481940583
"PI_40:9;0",0.024804636,0.049991588,NA,0.023789309,NA,NA,NA,0.101936586
"PI_42:5;0",0.045703631,0.032320413,0.171417795,0.087513758,0.055378114,0.089240998,0.077276265,0.061055913
"PI_42:6;0",0.027286171,0.172045617,0.123055368,0.111561209,0.246898092,0.048082343,0.19521983,NA
"Cer_18:1;2_12:0;0",0.651689483,0.947004859,0.771627198,1.131712034,0.68294577,0.895234375,0.186531338,0.463105159
"Cer_18:1;2_14:0;0",0.448696985,0.486724768,0.461577571,0.35293095,0.232352449,0.207703771,0.162290707,0.162234724
"dhCer_18:0;2_14:0;0",0.023490421,0.029119903,0.011474741,0.009734452,0.009605362,0.012460488,0.010545312,0.00540091
"Cer_18:1;2_14:1;0",0.069218317,0.108455631,0.076697282,0.078756114,0.059898396,0.041785105,0.025333845,0.051361166
"Cer_18:1;2_16:0;0",18.37339406,22.13538038,20.57389717,20.4359722,19.38087418,17.90617488,17.32117498,13.2262477
"dhCer_18:0;2_16:0;0",0.572610376,0.617964835,0.292052271,0.352555451,0.583541411,0.622971155,0.701015817,0.427925348
"Cer_18:1;2_16:1;0",2.068555079,3.636246201,2.815744817,3.382378618,3.99720279,3.736693703,3.118932697,3.203862773
"Cer_18:1;2_18:0;0",1.097395779,1.575553612,1.226389055,1.486185976,2.286725577,2.13076009,2.980191575,2.115386919
"dhCer_18:0;2_18:0;0",0.156241082,0.137274485,0.069986056,0.036111613,0.14200489,0.241358761,0.348273415,0.129366561
"Cer_18:1;2_18:1;0",0.503424117,0.955351119,0.608816513,0.854348697,1.275694509,1.16622787,1.295554486,1.231899061
"Cer_18:1;2_20:0;0",0.014678655,0.036260575,0.033080332,0.017807036,0.05608363,0.022252845,0.059585522,0.032467718
"dhCer_18:0;2_20:0;0",0.043414512,0.021473151,0.022637276,0.009707239,0.045453795,0.08473126,0.103575839,0.040303992
"Cer_18:1;2_20:1;0",0.001926636,NA,NA,NA,NA,NA,NA,NA
"Cer_18:1;2_22:0;0",2.610088687,1.882016207,1.909349734,1.978880589,2.199148345,1.762954258,1.66363665,1.277362666
"dhCer_18:0;2_22:0;0",0.105964954,0.064472002,0.050158792,0.074063096,0.120944235,0.117374369,0.15703044,0.106262314
"Cer_18:1;2_22:1;0",1.381190782,1.414493924,0.999591105,1.177773086,1.614372256,1.245599306,0.987884963,1.088702657
"Cer_18:1;2_24:0;0",3.142266827,2.238700184,2.137874128,2.024903396,2.746662656,2.187373612,1.763362935,1.66473307
"Cer_18:1;2_24:1;0",6.627377218,6.269392633,5.313115146,4.808018388,7.704467631,5.646454935,4.478463734,4.26934467
"Cer_18:1;2_24:2;0",2.263389925,2.847534914,1.988890577,1.877629283,3.07995851,2.351760821,1.701812752,1.741059768
"Cer_18:1;2_26:0;0",0.0040127,0.005731252,0.0043377,0.003740277,0.012608092,0.115162004,0.011173311,0.000359422
"Cer_18:1;2_26:1;0",0.032926119,0.029255376,0.021901946,0.013114728,0.038724214,0.031603904,0.023092678,0.010521229
"SPBP_18:1;2",5.942334164,3.420259338,2.413526956,2.466810783,2.873604455,3.359933631,2.504544035,1.945711591
"SM_18:1;2_14:0;0",12.34125089,10.75819673,10.10069739,13.42387742,12.82724457,15.94987203,15.73010645,12.97449133
"SM_18:1;2_14:1;0",0.688867611,0.608655639,0.578453546,0.541940381,1.180569954,0.997787156,0.994857152,1.099215257
"dhSM_18:0;2_16:0;0",43.99121562,47.43194032,48.26148264,53.21120592,92.38000551,109.250018,88.5941015,74.63251669
"SM_18:1;2_16:0;0",1029.876002,1071.099814,1057.537742,1168.592523,1387.597832,1570.114465,1616.220333,1192.028845
"SM_18:1;2_16:1;0",72.20296474,79.78647797,71.28192251,85.84471717,125.2271381,134.832574,170.625266,179.5642991
"dhSM_18:0;2_18:0;0",5.36413308,6.378289156,5.642000617,6.676816167,21.29049159,25.73555311,21.02766829,14.53188034
"SM_18:1;2_18:0;0",164.5255304,208.9808946,181.0033927,194.851106,340.8699733,407.2147604,485.7274268,251.5198891
"SM_18:1;2_18:1;0",58.97809751,64.46865036,54.75175521,64.78791424,105.5003815,122.8178443,173.6793617,149.6414238
"SM_18:1;2_18:2;0",6.610982185,7.672603189,6.282399203,7.780299677,9.170531886,12.9871477,12.29695494,14.64842293
"dhSM_18:0;2_20:0;0",NA,2.099091892,2.973888321,3.09794076,7.56057603,11.03506593,9.69856305,5.919340593
"SM_18:1;2_20:0;0",64.71355684,72.39342168,72.58213775,79.67126976,146.5140438,177.4269261,168.1492986,98.92091479
"SM_18:1;2_20:1;0",27.66592065,26.91911465,28.82169643,29.67653817,53.68793996,57.3193034,70.8972018,73.93338994
"dhSM_18:0;2_22:0;0",7.222731413,5.656176426,8.328191137,10.52869196,23.31977331,35.51086013,18.92118913,11.67838853
"SM_18:1;2_22:0;0",259.1719248,264.2527154,271.9973356,316.302369,395.9679144,477.4322542,329.1043084,267.779889
"SM_18:1;2_22:1;0",131.0839127,112.5315801,124.2182964,153.8426954,194.6116675,218.9497742,199.7780313,254.602405
"dhSM_18:0;2_24:0;0",2.936574582,2.888311458,3.076013194,3.41116496,9.150441845,14.5062099,6.077093213,4.709904909
"SM_18:1;2_24:0;0",169.1893236,155.1408118,165.5118769,184.2711019,249.0997448,327.3984984,230.0754112,193.9958808
"SM_18:1;2_24:1;0",925.9994294,712.6135645,826.0634651,901.3984099,1004.348604,1160.734261,1213.510032,1108.803178
"SM_18:1;2_24:2;0",214.1999321,188.9824884,197.7418568,220.4201937,308.3023784,355.6209625,383.7062286,371.9755335
"SM_18:1;2_26:1;0",2.951712839,2.031985785,2.540039428,3.063060787,4.213143554,5.713863974,5.894870554,4.261582637
"SM_18:1;2_26:2;0",2.318036647,1.754549948,1.851741748,2.108476504,2.745722289,3.951199123,3.901257054,3.559736043
